SET DEFINE OFF;
INSERT INTO APP_TABLE	 VALUES( 105600, 'Terraria', 'Dig, fight, explore, build! Nothing is impossible in this action-packed adventure game. Four Pack also available!', '2011-5-16' ,10500, 'http://cdn.edgecast.steamstatic.com/steam/apps/105600/header.jpg?t=1492697491' );
	INSERT INTO MAP_APP_CATEGORY VALUES( 105600, 14 );
	INSERT INTO MAP_APP_CATEGORY VALUES( 105600, 1 );
	INSERT INTO MAP_APP_CATEGORY VALUES( 105600, 15 );
	INSERT INTO MAP_APP_CATEGORY VALUES( 105600, 16 );
	INSERT INTO MAP_APP_CATEGORY VALUES( 105600, 17 );
	INSERT INTO MAP_APP_CATEGORY VALUES( 105600, 3 );
	INSERT INTO MAP_APP_CATEGORY VALUES( 105600, 13 );
	INSERT INTO MAP_APP_CATEGORY VALUES( 105600, 4 );
	INSERT INTO MAP_APP_CATEGORY VALUES( 105600, 18 );

	INSERT INTO MAP_APP_DEVELOPER VALUES( 105600, 3 );

	INSERT INTO MAP_APP_GENRE VALUES( 105600, 1 );
	INSERT INTO MAP_APP_GENRE VALUES( 105600, 4 );
	INSERT INTO MAP_APP_GENRE VALUES( 105600, 5 );
	INSERT INTO MAP_APP_GENRE VALUES( 105600, 3 );

	INSERT INTO MAP_APP_LANG VALUES ( 105600, 14,  'Y', 'N', 'N' );
	INSERT INTO MAP_APP_LANG VALUES ( 105600, 20,  'Y', 'N', 'N' );
	INSERT INTO MAP_APP_LANG VALUES ( 105600, 1,  'Y', 'N', 'N' );
	INSERT INTO MAP_APP_LANG VALUES ( 105600, 2,  'Y', 'N', 'N' );
	INSERT INTO MAP_APP_LANG VALUES ( 105600, 8,  'Y', 'N', 'N' );
	INSERT INTO MAP_APP_LANG VALUES ( 105600, 15,  'Y', 'N', 'N' );
	INSERT INTO MAP_APP_LANG VALUES ( 105600, 3,  'Y', 'N', 'N' );
	INSERT INTO MAP_APP_LANG VALUES ( 105600, 4,  'Y', 'N', 'N' );
	INSERT INTO MAP_APP_LANG VALUES ( 105600, 11,  'Y', 'N', 'N' );

	INSERT INTO MAP_APP_PUBLISHER VALUES( 105600, 3 );

	INSERT INTO MAP_APP_TAG VALUES( 105600, 3810 );
	INSERT INTO MAP_APP_TAG VALUES( 105600, 21 );
	INSERT INTO MAP_APP_TAG VALUES( 105600, 1662 );
	INSERT INTO MAP_APP_TAG VALUES( 105600, 3871 );
	INSERT INTO MAP_APP_TAG VALUES( 105600, 3859 );
	INSERT INTO MAP_APP_TAG VALUES( 105600, 1702 );
	INSERT INTO MAP_APP_TAG VALUES( 105600, 1643 );
	INSERT INTO MAP_APP_TAG VALUES( 105600, 3834 );
	INSERT INTO MAP_APP_TAG VALUES( 105600, 3964 );
	INSERT INTO MAP_APP_TAG VALUES( 105600, 1685 );
	INSERT INTO MAP_APP_TAG VALUES( 105600, 492 );
	INSERT INTO MAP_APP_TAG VALUES( 105600, 1695 );
	INSERT INTO MAP_APP_TAG VALUES( 105600, 19 );
	INSERT INTO MAP_APP_TAG VALUES( 105600, 122 );
	INSERT INTO MAP_APP_TAG VALUES( 105600, 3843 );
	INSERT INTO MAP_APP_TAG VALUES( 105600, 4182 );
	INSERT INTO MAP_APP_TAG VALUES( 105600, 1625 );
	INSERT INTO MAP_APP_TAG VALUES( 105600, 4711 );
	INSERT INTO MAP_APP_TAG VALUES( 105600, 4166 );
	INSERT INTO MAP_APP_TAG VALUES( 105600, 5350 );

INSERT INTO APP_TABLE	 VALUES( 113200, 'The_Binding_of_Isaac', 'Now 20% More Evil with the Free Halloween update!', '2011-9-28' ,1700, 'http://cdn.edgecast.steamstatic.com/steam/apps/113200/header.jpg?t=1447354527' );
	INSERT INTO MAP_APP_CATEGORY VALUES( 113200, 14 );
	INSERT INTO MAP_APP_CATEGORY VALUES( 113200, 3 );
	INSERT INTO MAP_APP_CATEGORY VALUES( 113200, 4 );

	INSERT INTO MAP_APP_DEVELOPER VALUES( 113200, 4 );

	INSERT INTO MAP_APP_GENRE VALUES( 113200, 1 );
	INSERT INTO MAP_APP_GENRE VALUES( 113200, 4 );
	INSERT INTO MAP_APP_GENRE VALUES( 113200, 5 );
	INSERT INTO MAP_APP_GENRE VALUES( 113200, 3 );

	INSERT INTO MAP_APP_LANG VALUES ( 113200, 20,  'Y', 'Y', 'N' );


	INSERT INTO MAP_APP_TAG VALUES( 113200, 1716 );
	INSERT INTO MAP_APP_TAG VALUES( 113200, 492 );
	INSERT INTO MAP_APP_TAG VALUES( 113200, 4711 );
	INSERT INTO MAP_APP_TAG VALUES( 113200, 4026 );
	INSERT INTO MAP_APP_TAG VALUES( 113200, 5125 );
	INSERT INTO MAP_APP_TAG VALUES( 113200, 19 );
	INSERT INTO MAP_APP_TAG VALUES( 113200, 4342 );
	INSERT INTO MAP_APP_TAG VALUES( 113200, 4791 );
	INSERT INTO MAP_APP_TAG VALUES( 113200, 1756 );
	INSERT INTO MAP_APP_TAG VALUES( 113200, 21 );
	INSERT INTO MAP_APP_TAG VALUES( 113200, 4182 );
	INSERT INTO MAP_APP_TAG VALUES( 113200, 3959 );
	INSERT INTO MAP_APP_TAG VALUES( 113200, 122 );
	INSERT INTO MAP_APP_TAG VALUES( 113200, 1662 );
	INSERT INTO MAP_APP_TAG VALUES( 113200, 3871 );
	INSERT INTO MAP_APP_TAG VALUES( 113200, 1759 );
	INSERT INTO MAP_APP_TAG VALUES( 113200, 1720 );
	INSERT INTO MAP_APP_TAG VALUES( 113200, 4885 );
	INSERT INTO MAP_APP_TAG VALUES( 113200, 4166 );
	INSERT INTO MAP_APP_TAG VALUES( 113200, 5547 );

INSERT INTO APP_TABLE	 VALUES( 440, 'Team_Fortress_2', 'Nine distinct classes provide a broad range of tactical abilities and personalities. Constantly updated with new game modes, maps, equipment and, most importantly, hats!', '2007-10-10' ,0, 'http://cdn.edgecast.steamstatic.com/steam/apps/440/header.jpg?t=1508547684' );
	INSERT INTO MAP_APP_CATEGORY VALUES( 440, 1 );
	INSERT INTO MAP_APP_CATEGORY VALUES( 440, 2 );
	INSERT INTO MAP_APP_CATEGORY VALUES( 440, 3 );
	INSERT INTO MAP_APP_CATEGORY VALUES( 440, 4 );
	INSERT INTO MAP_APP_CATEGORY VALUES( 440, 5 );
	INSERT INTO MAP_APP_CATEGORY VALUES( 440, 6 );
	INSERT INTO MAP_APP_CATEGORY VALUES( 440, 7 );
	INSERT INTO MAP_APP_CATEGORY VALUES( 440, 8 );
	INSERT INTO MAP_APP_CATEGORY VALUES( 440, 9 );
	INSERT INTO MAP_APP_CATEGORY VALUES( 440, 10 );
	INSERT INTO MAP_APP_CATEGORY VALUES( 440, 11 );
	INSERT INTO MAP_APP_CATEGORY VALUES( 440, 12 );

	INSERT INTO MAP_APP_DEVELOPER VALUES( 440, 1 );

	INSERT INTO MAP_APP_GENRE VALUES( 440, 1 );
	INSERT INTO MAP_APP_GENRE VALUES( 440, 2 );

	INSERT INTO MAP_APP_LANG VALUES ( 440, 1,  'Y', 'N', 'N' );
	INSERT INTO MAP_APP_LANG VALUES ( 440, 2,  'Y', 'N', 'N' );
	INSERT INTO MAP_APP_LANG VALUES ( 440, 3,  'Y', 'N', 'N' );
	INSERT INTO MAP_APP_LANG VALUES ( 440, 4,  'Y', 'N', 'N' );
	INSERT INTO MAP_APP_LANG VALUES ( 440, 5,  'Y', 'N', 'N' );
	INSERT INTO MAP_APP_LANG VALUES ( 440, 6,  'Y', 'N', 'N' );
	INSERT INTO MAP_APP_LANG VALUES ( 440, 7,  'Y', 'N', 'N' );
	INSERT INTO MAP_APP_LANG VALUES ( 440, 8,  'Y', 'N', 'N' );
	INSERT INTO MAP_APP_LANG VALUES ( 440, 9,  'Y', 'N', 'N' );
	INSERT INTO MAP_APP_LANG VALUES ( 440, 10,  'Y', 'N', 'N' );
	INSERT INTO MAP_APP_LANG VALUES ( 440, 11,  'Y', 'N', 'N' );
	INSERT INTO MAP_APP_LANG VALUES ( 440, 12,  'Y', 'N', 'N' );
	INSERT INTO MAP_APP_LANG VALUES ( 440, 13,  'Y', 'N', 'N' );
	INSERT INTO MAP_APP_LANG VALUES ( 440, 14,  'Y', 'N', 'N' );
	INSERT INTO MAP_APP_LANG VALUES ( 440, 15,  'Y', 'N', 'N' );
	INSERT INTO MAP_APP_LANG VALUES ( 440, 16,  'Y', 'N', 'N' );
	INSERT INTO MAP_APP_LANG VALUES ( 440, 17,  'Y', 'N', 'N' );
	INSERT INTO MAP_APP_LANG VALUES ( 440, 18,  'Y', 'N', 'N' );
	INSERT INTO MAP_APP_LANG VALUES ( 440, 19,  'Y', 'N', 'N' );
	INSERT INTO MAP_APP_LANG VALUES ( 440, 20,  'Y', 'Y', 'N' );
	INSERT INTO MAP_APP_LANG VALUES ( 440, 21,  'Y', 'N', 'N' );
	INSERT INTO MAP_APP_LANG VALUES ( 440, 22,  'Y', 'N', 'N' );
	INSERT INTO MAP_APP_LANG VALUES ( 440, 23,  'Y', 'N', 'N' );
	INSERT INTO MAP_APP_LANG VALUES ( 440, 24,  'Y', 'N', 'N' );
	INSERT INTO MAP_APP_LANG VALUES ( 440, 25,  'Y', 'N', 'N' );
	INSERT INTO MAP_APP_LANG VALUES ( 440, 26,  'Y', 'N', 'N' );

	INSERT INTO MAP_APP_PUBLISHER VALUES( 440, 1 );

	INSERT INTO MAP_APP_TAG VALUES( 440, 113 );
	INSERT INTO MAP_APP_TAG VALUES( 440, 3859 );
	INSERT INTO MAP_APP_TAG VALUES( 440, 1663 );
	INSERT INTO MAP_APP_TAG VALUES( 440, 19 );
	INSERT INTO MAP_APP_TAG VALUES( 440, 1774 );
	INSERT INTO MAP_APP_TAG VALUES( 440, 4155 );
	INSERT INTO MAP_APP_TAG VALUES( 440, 5711 );
	INSERT INTO MAP_APP_TAG VALUES( 440, 4136 );
	INSERT INTO MAP_APP_TAG VALUES( 440, 3839 );
	INSERT INTO MAP_APP_TAG VALUES( 440, 4202 );
	INSERT INTO MAP_APP_TAG VALUES( 440, 4195 );
	INSERT INTO MAP_APP_TAG VALUES( 440, 3878 );
	INSERT INTO MAP_APP_TAG VALUES( 440, 1685 );
	INSERT INTO MAP_APP_TAG VALUES( 440, 3843 );
	INSERT INTO MAP_APP_TAG VALUES( 440, 5752 );
	INSERT INTO MAP_APP_TAG VALUES( 440, 1719 );
	INSERT INTO MAP_APP_TAG VALUES( 440, 1708 );
	INSERT INTO MAP_APP_TAG VALUES( 440, 1702 );
	INSERT INTO MAP_APP_TAG VALUES( 440, 4562 );
	INSERT INTO MAP_APP_TAG VALUES( 440, 1669 );

INSERT INTO APP_TABLE	 VALUES( 48700, 'Mount_&_Blade:_Warband', 'In a land torn asunder by incessant warfare, it is time to assemble your own band of hardened warriors and enter the fray. Lead your men into battle, expand your realm, and claim the ultimate prize: the throne of Calradia!', '2010-3-31' ,20000, 'http://cdn.edgecast.steamstatic.com/steam/apps/48700/header.jpg?t=1511540397' );
	INSERT INTO MAP_APP_CATEGORY VALUES( 48700, 14 );
	INSERT INTO MAP_APP_CATEGORY VALUES( 48700, 1 );
	INSERT INTO MAP_APP_CATEGORY VALUES( 48700, 3 );
	INSERT INTO MAP_APP_CATEGORY VALUES( 48700, 4 );
	INSERT INTO MAP_APP_CATEGORY VALUES( 48700, 6 );

	INSERT INTO MAP_APP_DEVELOPER VALUES( 48700, 2 );

	INSERT INTO MAP_APP_GENRE VALUES( 48700, 1 );
	INSERT INTO MAP_APP_GENRE VALUES( 48700, 3 );

	INSERT INTO MAP_APP_LANG VALUES ( 48700, 14,  'Y', 'N', 'N' );
	INSERT INTO MAP_APP_LANG VALUES ( 48700, 20,  'Y', 'N', 'N' );
	INSERT INTO MAP_APP_LANG VALUES ( 48700, 8,  'Y', 'N', 'N' );
	INSERT INTO MAP_APP_LANG VALUES ( 48700, 15,  'Y', 'N', 'N' );
	INSERT INTO MAP_APP_LANG VALUES ( 48700, 22,  'Y', 'N', 'N' );
	INSERT INTO MAP_APP_LANG VALUES ( 48700, 4,  'Y', 'N', 'N' );
	INSERT INTO MAP_APP_LANG VALUES ( 48700, 23,  'Y', 'N', 'N' );
	INSERT INTO MAP_APP_LANG VALUES ( 48700, 11,  'Y', 'N', 'N' );
	INSERT INTO MAP_APP_LANG VALUES ( 48700, 19,  'Y', 'N', 'N' );
	INSERT INTO MAP_APP_LANG VALUES ( 48700, 26,  'Y', 'N', 'N' );
	INSERT INTO MAP_APP_LANG VALUES ( 48700, 6,  'Y', 'N', 'N' );

	INSERT INTO MAP_APP_PUBLISHER VALUES( 48700, 2 );

	INSERT INTO MAP_APP_TAG VALUES( 48700, 4172 );
	INSERT INTO MAP_APP_TAG VALUES( 48700, 122 );
	INSERT INTO MAP_APP_TAG VALUES( 48700, 1695 );
	INSERT INTO MAP_APP_TAG VALUES( 48700, 9 );
	INSERT INTO MAP_APP_TAG VALUES( 48700, 19 );
	INSERT INTO MAP_APP_TAG VALUES( 48700, 3810 );
	INSERT INTO MAP_APP_TAG VALUES( 48700, 3859 );
	INSERT INTO MAP_APP_TAG VALUES( 48700, 1669 );
	INSERT INTO MAP_APP_TAG VALUES( 48700, 4168 );
	INSERT INTO MAP_APP_TAG VALUES( 48700, 21 );
	INSERT INTO MAP_APP_TAG VALUES( 48700, 6041 );
	INSERT INTO MAP_APP_TAG VALUES( 48700, 4175 );
	INSERT INTO MAP_APP_TAG VALUES( 48700, 3839 );
	INSERT INTO MAP_APP_TAG VALUES( 48700, 3987 );
	INSERT INTO MAP_APP_TAG VALUES( 48700, 4182 );
	INSERT INTO MAP_APP_TAG VALUES( 48700, 1697 );
	INSERT INTO MAP_APP_TAG VALUES( 48700, 1646 );
	INSERT INTO MAP_APP_TAG VALUES( 48700, 599 );
	INSERT INTO MAP_APP_TAG VALUES( 48700, 1684 );
	INSERT INTO MAP_APP_TAG VALUES( 48700, 492 );

INSERT INTO APP_TABLE	 VALUES( 730, 'Counter-Strike:_Global_Offensive', 'Counter-Strike: Global Offensive (CS: GO) will expand upon the team-based action gameplay that it pioneered when it was launched 14 years ago. CS: GO features new maps, characters, and weapons and delivers updated versions of the classic CS content (de_dust2, etc.).', '2012-8-21' ,16000, 'http://cdn.edgecast.steamstatic.com/steam/apps/730/header.jpg?t=1510682572' );
	INSERT INTO MAP_APP_CATEGORY VALUES( 730, 1 );
	INSERT INTO MAP_APP_CATEGORY VALUES( 730, 3 );
	INSERT INTO MAP_APP_CATEGORY VALUES( 730, 13 );
	INSERT INTO MAP_APP_CATEGORY VALUES( 730, 4 );
	INSERT INTO MAP_APP_CATEGORY VALUES( 730, 6 );
	INSERT INTO MAP_APP_CATEGORY VALUES( 730, 7 );
	INSERT INTO MAP_APP_CATEGORY VALUES( 730, 9 );
	INSERT INTO MAP_APP_CATEGORY VALUES( 730, 10 );

	INSERT INTO MAP_APP_DEVELOPER VALUES( 730, 1 );

	INSERT INTO MAP_APP_GENRE VALUES( 730, 1 );

	INSERT INTO MAP_APP_LANG VALUES ( 730, 1,  'Y', 'N', 'N' );
	INSERT INTO MAP_APP_LANG VALUES ( 730, 2,  'Y', 'N', 'N' );
	INSERT INTO MAP_APP_LANG VALUES ( 730, 3,  'Y', 'N', 'N' );
	INSERT INTO MAP_APP_LANG VALUES ( 730, 4,  'Y', 'N', 'N' );
	INSERT INTO MAP_APP_LANG VALUES ( 730, 5,  'Y', 'N', 'N' );
	INSERT INTO MAP_APP_LANG VALUES ( 730, 6,  'Y', 'N', 'N' );
	INSERT INTO MAP_APP_LANG VALUES ( 730, 7,  'Y', 'N', 'N' );
	INSERT INTO MAP_APP_LANG VALUES ( 730, 8,  'Y', 'N', 'N' );
	INSERT INTO MAP_APP_LANG VALUES ( 730, 9,  'Y', 'N', 'N' );
	INSERT INTO MAP_APP_LANG VALUES ( 730, 10,  'Y', 'N', 'N' );
	INSERT INTO MAP_APP_LANG VALUES ( 730, 11,  'Y', 'N', 'N' );
	INSERT INTO MAP_APP_LANG VALUES ( 730, 12,  'Y', 'N', 'N' );
	INSERT INTO MAP_APP_LANG VALUES ( 730, 13,  'Y', 'N', 'N' );
	INSERT INTO MAP_APP_LANG VALUES ( 730, 14,  'Y', 'N', 'N' );
	INSERT INTO MAP_APP_LANG VALUES ( 730, 15,  'Y', 'N', 'N' );
	INSERT INTO MAP_APP_LANG VALUES ( 730, 16,  'Y', 'N', 'N' );
	INSERT INTO MAP_APP_LANG VALUES ( 730, 17,  'Y', 'N', 'N' );
	INSERT INTO MAP_APP_LANG VALUES ( 730, 18,  'Y', 'N', 'N' );
	INSERT INTO MAP_APP_LANG VALUES ( 730, 19,  'Y', 'N', 'N' );
	INSERT INTO MAP_APP_LANG VALUES ( 730, 20,  'Y', 'Y', 'N' );
	INSERT INTO MAP_APP_LANG VALUES ( 730, 21,  'Y', 'N', 'N' );
	INSERT INTO MAP_APP_LANG VALUES ( 730, 22,  'Y', 'N', 'N' );
	INSERT INTO MAP_APP_LANG VALUES ( 730, 23,  'Y', 'N', 'N' );
	INSERT INTO MAP_APP_LANG VALUES ( 730, 24,  'Y', 'N', 'N' );
	INSERT INTO MAP_APP_LANG VALUES ( 730, 26,  'Y', 'N', 'N' );

	INSERT INTO MAP_APP_PUBLISHER VALUES( 730, 1 );

	INSERT INTO MAP_APP_TAG VALUES( 730, 1663 );
	INSERT INTO MAP_APP_TAG VALUES( 730, 3859 );
	INSERT INTO MAP_APP_TAG VALUES( 730, 1774 );
	INSERT INTO MAP_APP_TAG VALUES( 730, 19 );
	INSERT INTO MAP_APP_TAG VALUES( 730, 5711 );
	INSERT INTO MAP_APP_TAG VALUES( 730, 3878 );
	INSERT INTO MAP_APP_TAG VALUES( 730, 1708 );
	INSERT INTO MAP_APP_TAG VALUES( 730, 3839 );
	INSERT INTO MAP_APP_TAG VALUES( 730, 5055 );
	INSERT INTO MAP_APP_TAG VALUES( 730, 1775 );
	INSERT INTO MAP_APP_TAG VALUES( 730, 3843 );
	INSERT INTO MAP_APP_TAG VALUES( 730, 4168 );
	INSERT INTO MAP_APP_TAG VALUES( 730, 1685 );
	INSERT INTO MAP_APP_TAG VALUES( 730, 9 );
	INSERT INTO MAP_APP_TAG VALUES( 730, 1678 );
	INSERT INTO MAP_APP_TAG VALUES( 730, 4202 );
	INSERT INTO MAP_APP_TAG VALUES( 730, 4026 );
	INSERT INTO MAP_APP_TAG VALUES( 730, 4175 );
	INSERT INTO MAP_APP_TAG VALUES( 730, 1734 );
	INSERT INTO MAP_APP_TAG VALUES( 730, 1669 );

SET DEFINE ON;
